Image,Voltage,Strategy,Power(mW),Power_Saving(%),Distortion(%)
Image_0,15.0,none,1777.24,0.0,0.0
Image_0,15.0,brightness,1776.29,0.05,0.0421
Image_0,15.0,contrast,1776.29,0.05,0.0421
Image_0,15.0,both,1776.29,0.05,0.0421
Image_0,14.0,none,1473.01,17.12,2.1636
Image_0,14.0,brightness,1528.53,13.99,1.5013
Image_0,14.0,contrast,1511.84,14.93,1.7092
Image_0,14.0,both,1472.24,17.16,2.1762
Image_0,13.0,none,1195.32,32.74,4.3832
Image_0,13.0,brightness,1285.48,27.67,3.1902
Image_0,13.0,contrast,1259.69,29.12,3.5459
Image_0,13.0,both,1194.71,32.78,4.3926
Image_0,12.0,none,944.17,46.87,6.6719
Image_0,12.0,brightness,1047.57,41.06,5.136
Image_0,12.0,contrast,1018.75,42.68,5.5896
Image_0,12.0,both,943.7,46.9,6.6776
Image_0,11.0,none,719.54,59.51,9.0478
Image_0,11.0,brightness,815.82,54.1,7.4283
Image_0,11.0,contrast,789.9,55.55,7.891
Image_0,11.0,both,719.2,59.53,9.0514
Image_0,10.0,none,521.46,70.66,11.5266
Image_0,10.0,brightness,597.19,66.4,10.056
Image_0,10.0,contrast,577.25,67.52,10.4684
Image_0,10.0,both,521.23,70.67,11.5322
Image_0,9.0,none,349.91,80.31,14.1387
Image_0,9.0,brightness,399.69,77.51,13.0007
Image_0,9.0,contrast,386.43,78.26,13.3149
Image_0,9.0,both,349.77,80.32,14.1428
Image_1,15.0,none,1340.1,0.0,0.0
Image_1,15.0,brightness,1338.74,0.1,0.0581
Image_1,15.0,contrast,1338.74,0.1,0.0581
Image_1,15.0,both,1338.74,0.1,0.0581
Image_1,14.0,none,1116.83,16.66,1.8117
Image_1,14.0,brightness,1165.67,13.02,1.1262
Image_1,14.0,contrast,1140.69,14.88,1.4724
Image_1,14.0,both,1115.72,16.74,1.823
Image_1,13.0,none,912.69,31.89,3.6728
Image_1,13.0,brightness,993.02,25.9,2.4067
Image_1,13.0,contrast,952.85,28.9,3.0482
Image_1,13.0,both,911.81,31.96,3.6789
Image_1,12.0,none,727.68,45.7,5.5875
Image_1,12.0,brightness,819.99,38.81,3.9663
Image_1,12.0,contrast,774.55,42.2,4.774
Image_1,12.0,both,727.01,45.75,5.5954
Image_1,11.0,none,561.81,58.08,7.5757
Image_1,11.0,brightness,651.71,51.37,5.7877
Image_1,11.0,contrast,607.32,54.68,6.6821
Image_1,11.0,both,561.32,58.11,7.5794
Image_1,10.0,none,415.07,69.03,9.643
Image_1,10.0,brightness,490.47,63.4,7.9292
Image_1,10.0,contrast,453.49,66.16,8.7779
Image_1,10.0,both,414.74,69.05,9.6464
Image_1,9.0,none,287.47,78.55,11.8048
Image_1,9.0,brightness,340.45,74.59,10.4106
Image_1,9.0,contrast,314.32,76.55,11.0986
Image_1,9.0,both,287.27,78.56,11.8068
Image_2,15.0,none,1324.15,0.0,0.0
Image_2,15.0,brightness,1322.57,0.12,0.0656
Image_2,15.0,contrast,1322.57,0.12,0.0656
Image_2,15.0,both,1322.57,0.12,0.0656
Image_2,14.0,none,1103.83,16.64,1.8834
Image_2,14.0,brightness,1152.42,12.97,1.1625
Image_2,14.0,contrast,1130.45,14.63,1.4887
Image_2,14.0,both,1102.54,16.74,1.8927
Image_2,13.0,none,902.38,31.85,3.8149
Image_2,13.0,brightness,982.79,25.78,2.5036
Image_2,13.0,contrast,947.53,28.44,3.0868
Image_2,13.0,both,901.36,31.93,3.8202
Image_2,12.0,none,719.79,45.64,5.8075
Image_2,12.0,brightness,812.35,38.65,4.1334
Image_2,12.0,contrast,772.63,41.65,4.8605
Image_2,12.0,both,719.0,45.7,5.815
Image_2,11.0,none,556.06,58.01,7.8746
Image_2,11.0,brightness,645.44,51.26,6.0455
Image_2,11.0,contrast,606.97,54.16,6.8394
Image_2,11.0,both,555.49,58.05,7.8791
Image_2,10.0,none,411.19,68.95,10.0339
Image_2,10.0,brightness,485.11,63.36,8.2898
Image_2,10.0,contrast,453.53,65.75,9.0432
Image_2,10.0,both,410.81,68.98,10.0387
Image_2,9.0,none,285.19,78.46,12.3273
Image_2,9.0,brightness,336.42,74.59,10.8825
Image_2,9.0,contrast,314.28,76.27,11.5086
Image_2,9.0,both,284.96,78.48,12.3268
Image_3,15.0,none,1503.56,0.0,0.0
Image_3,15.0,brightness,1502.55,0.07,0.0444
Image_3,15.0,contrast,1502.55,0.07,0.0444
Image_3,15.0,both,1502.55,0.07,0.0444
Image_3,14.0,none,1250.02,16.86,1.9449
Image_3,14.0,brightness,1302.83,13.35,1.2528
Image_3,14.0,contrast,1281.45,14.77,1.5377
Image_3,14.0,both,1249.2,16.92,1.9555
Image_3,13.0,none,1018.38,32.27,3.9407
Image_3,13.0,brightness,1105.1,26.5,2.6675
Image_3,13.0,contrast,1070.75,28.79,3.1966
Image_3,13.0,both,1017.72,32.31,3.9475
Image_3,12.0,none,808.64,46.22,6.0011
Image_3,12.0,brightness,908.76,39.56,4.352
Image_3,12.0,contrast,869.79,42.15,5.0299
Image_3,12.0,both,808.14,46.25,6.0085
Image_3,11.0,none,620.79,58.71,8.1378
Image_3,11.0,brightness,718.36,52.22,6.3083
Image_3,11.0,contrast,680.39,54.75,7.0615
Image_3,11.0,both,620.43,58.74,8.1422
Image_3,10.0,none,454.85,69.75,10.3738
Image_3,10.0,brightness,535.8,64.36,8.6174
Image_3,10.0,contrast,505.04,66.41,9.3337
Image_3,10.0,both,454.61,69.76,10.3776
Image_3,9.0,none,310.82,79.33,12.723
Image_3,9.0,brightness,366.3,75.64,11.3097
Image_3,9.0,contrast,345.39,77.03,11.8767
Image_3,9.0,both,310.67,79.34,12.7257
Image_4,15.0,none,938.27,0.0,0.0
Image_4,15.0,brightness,935.81,0.26,0.0993
Image_4,15.0,contrast,935.81,0.26,0.0993
Image_4,15.0,both,935.81,0.26,0.0993
Image_4,14.0,none,789.41,15.86,1.3502
Image_4,14.0,brightness,829.32,11.61,0.7248
Image_4,14.0,contrast,804.21,14.29,1.1071
Image_4,14.0,both,787.41,16.08,1.3791
Image_4,13.0,none,652.89,30.42,2.7331
Image_4,13.0,brightness,718.9,23.38,1.5429
Image_4,13.0,contrast,678.43,27.69,2.2675
Image_4,13.0,both,651.3,30.59,2.7563
Image_4,12.0,none,528.69,43.65,4.1613
Image_4,12.0,brightness,604.67,35.55,2.5542
Image_4,12.0,contrast,558.7,40.45,3.5464
Image_4,12.0,both,527.47,43.78,4.179
Image_4,11.0,none,416.82,55.58,5.6355
Image_4,11.0,brightness,491.0,47.67,3.8283
Image_4,11.0,contrast,446.04,52.46,4.9611
Image_4,11.0,both,415.93,55.67,5.6433
Image_4,10.0,none,317.28,66.18,7.1667
Image_4,10.0,brightness,379.51,59.55,5.4039
Image_4,10.0,contrast,341.99,63.55,6.5215
Image_4,10.0,both,316.68,66.25,7.1751
Image_4,9.0,none,230.07,75.48,8.7189
Image_4,9.0,brightness,273.93,70.81,7.3377
Image_4,9.0,contrast,247.35,73.64,8.2103
Image_4,9.0,both,229.72,75.52,8.7284
Image_5,15.0,none,1039.79,0.0,0.0
Image_5,15.0,brightness,1037.85,0.19,0.0689
Image_5,15.0,contrast,1037.85,0.19,0.0689
Image_5,15.0,both,1037.85,0.19,0.0689
Image_5,14.0,none,872.14,16.12,1.8028
Image_5,14.0,brightness,912.22,12.27,1.0875
Image_5,14.0,contrast,887.29,14.67,1.4874
Image_5,14.0,both,870.55,16.28,1.8077
Image_5,13.0,none,718.53,30.9,3.6632
Image_5,13.0,brightness,784.51,24.55,2.3385
Image_5,13.0,contrast,744.5,28.4,3.0894
Image_5,13.0,both,717.27,31.02,3.6673
Image_5,12.0,none,578.97,44.32,5.5803
Image_5,12.0,brightness,654.75,37.03,3.8301
Image_5,12.0,contrast,609.37,41.4,4.8318
Image_5,12.0,both,578.01,44.41,5.5833
Image_5,11.0,none,453.45,56.39,7.5839
Image_5,11.0,brightness,527.21,49.3,5.6034
Image_5,11.0,contrast,482.88,53.56,6.7692
Image_5,11.0,both,452.75,56.46,7.5786
Image_5,10.0,none,341.99,67.11,9.6867
Image_5,10.0,brightness,403.78,61.17,7.7282
Image_5,10.0,contrast,366.81,64.72,8.8897
Image_5,10.0,both,341.52,67.16,9.6881
Image_5,9.0,none,244.57,76.48,11.9081
Image_5,9.0,brightness,288.03,72.3,10.2879
Image_5,9.0,contrast,261.87,74.81,11.2568
Image_5,9.0,both,244.3,76.51,11.911
Image_6,15.0,none,1120.19,0.0,0.0
Image_6,15.0,brightness,1118.43,0.16,0.0727
Image_6,15.0,contrast,1118.43,0.16,0.0727
Image_6,15.0,both,1118.43,0.16,0.0727
Image_6,14.0,none,937.64,16.3,1.6242
Image_6,14.0,brightness,984.56,12.11,0.8911
Image_6,14.0,contrast,956.19,14.64,1.3246
Image_6,14.0,both,936.21,16.42,1.635
Image_6,13.0,none,770.51,31.22,3.2916
Image_6,13.0,brightness,847.68,24.33,1.9407
Image_6,13.0,contrast,802.2,28.39,2.7362
Image_6,13.0,both,769.37,31.32,3.2998
Image_6,12.0,none,618.78,44.76,5.0088
Image_6,12.0,brightness,707.53,36.84,3.2622
Image_6,12.0,contrast,655.89,41.45,4.2817
Image_6,12.0,both,617.91,44.84,5.0174
Image_6,11.0,none,482.46,56.93,6.7943
Image_6,11.0,brightness,568.95,49.21,4.8583
Image_6,11.0,contrast,518.5,53.71,5.9979
Image_6,11.0,both,481.83,56.99,6.7932
Image_6,10.0,none,361.56,67.72,8.6606
Image_6,10.0,brightness,434.13,61.24,6.7937
Image_6,10.0,contrast,392.02,65.0,7.8835
Image_6,10.0,both,361.13,67.76,8.6656
Image_6,9.0,none,256.06,77.14,10.6147
Image_6,9.0,brightness,307.16,72.58,9.0769
Image_6,9.0,contrast,277.36,75.24,9.9845
Image_6,9.0,both,255.81,77.16,10.6183
Image_7,15.0,none,1366.52,0.0,0.0
Image_7,15.0,brightness,1365.2,0.1,0.0597
Image_7,15.0,contrast,1365.2,0.1,0.0597
Image_7,15.0,both,1365.2,0.1,0.0597
Image_7,14.0,none,1138.36,16.7,1.7674
Image_7,14.0,brightness,1186.18,13.2,1.1243
Image_7,14.0,contrast,1161.28,15.02,1.4607
Image_7,14.0,both,1137.28,16.78,1.7823
Image_7,13.0,none,929.77,31.96,3.5809
Image_7,13.0,brightness,1006.94,26.31,2.4159
Image_7,13.0,contrast,967.17,29.22,3.031
Image_7,13.0,both,928.92,32.02,3.5924
Image_7,12.0,none,740.77,45.79,5.4483
Image_7,12.0,brightness,828.19,39.39,3.9506
Image_7,12.0,contrast,783.29,42.68,4.7446
Image_7,12.0,both,740.12,45.84,5.4579
Image_7,11.0,none,571.35,58.19,7.3852
Image_7,11.0,brightness,655.27,52.05,5.7573
Image_7,11.0,contrast,611.65,55.24,6.6332
Image_7,11.0,both,570.87,58.22,7.3868
Image_7,10.0,none,421.5,69.15,9.4018
Image_7,10.0,brightness,490.96,64.07,7.8603
Image_7,10.0,contrast,454.78,66.72,8.686
Image_7,10.0,both,421.18,69.18,9.4064
Image_7,9.0,none,291.24,78.69,11.4874
Image_7,9.0,brightness,339.45,75.16,10.2741
Image_7,9.0,contrast,314.02,77.02,10.9315
Image_7,9.0,both,291.05,78.7,11.4928
Image_8,15.0,none,855.51,0.0,0.0
Image_8,15.0,brightness,853.36,0.25,0.0906
Image_8,15.0,contrast,853.36,0.25,0.0906
Image_8,15.0,both,853.36,0.25,0.0906
Image_8,14.0,none,721.98,15.61,1.2385
Image_8,14.0,brightness,769.95,10.0,0.492
Image_8,14.0,contrast,735.55,14.02,1.0025
Image_8,14.0,both,720.23,15.81,1.255
Image_8,13.0,none,599.38,29.94,2.5033
Image_8,13.0,brightness,678.62,20.68,1.1088
Image_8,13.0,contrast,623.73,27.09,2.0524
Image_8,13.0,both,597.99,30.1,2.5164
Image_8,12.0,none,487.71,42.99,3.8019
Image_8,12.0,brightness,579.42,32.27,1.9575
Image_8,12.0,contrast,516.83,39.59,3.2045
Image_8,12.0,both,486.64,43.12,3.8135
Image_8,11.0,none,386.96,54.77,5.1486
Image_8,11.0,brightness,476.73,44.28,3.0803
Image_8,11.0,contrast,415.58,51.42,4.4859
Image_8,11.0,both,386.18,54.86,5.146
Image_8,10.0,none,297.14,65.27,6.5432
Image_8,10.0,brightness,372.79,56.43,4.5689
Image_8,10.0,contrast,321.61,62.41,5.8963
Image_8,10.0,both,296.62,65.33,6.5488
Image_8,9.0,none,218.25,74.49,7.9833
Image_8,9.0,brightness,271.75,68.24,6.3782
Image_8,9.0,contrast,235.48,72.48,7.4746
Image_8,9.0,both,217.94,74.52,7.9891
Image_9,15.0,none,1297.46,0.0,0.0
Image_9,15.0,brightness,1295.98,0.11,0.0622
Image_9,15.0,contrast,1295.98,0.11,0.0622
Image_9,15.0,both,1295.98,0.11,0.0622
Image_9,14.0,none,1082.09,16.6,1.7661
Image_9,14.0,brightness,1128.27,13.04,1.0861
Image_9,14.0,contrast,1102.86,15.0,1.4576
Image_9,14.0,both,1080.88,16.69,1.7779
Image_9,13.0,none,885.12,31.78,3.583
Image_9,13.0,brightness,961.09,25.93,2.3325
Image_9,13.0,contrast,920.27,29.07,3.0143
Image_9,13.0,both,884.16,31.85,3.5905
Image_9,12.0,none,706.57,45.54,5.4497
Image_9,12.0,brightness,793.94,38.81,3.8327
Image_9,12.0,contrast,747.63,42.38,4.7073
Image_9,12.0,both,705.83,45.6,5.4587
Image_9,11.0,none,546.43,57.88,7.3917
Image_9,11.0,brightness,631.5,51.33,5.6039
Image_9,11.0,contrast,586.28,54.81,6.576
Image_9,11.0,both,545.89,57.93,7.394
Image_9,10.0,none,404.7,68.81,9.4123
Image_9,10.0,brightness,476.03,63.31,7.6941
Image_9,10.0,contrast,438.33,66.22,8.6199
Image_9,10.0,both,404.34,68.84,9.417
Image_9,9.0,none,281.38,78.31,11.5407
Image_9,9.0,brightness,331.53,74.45,10.1257
Image_9,9.0,contrast,304.87,76.5,10.8897
Image_9,9.0,both,281.17,78.33,11.5433
Image_10,15.0,none,1238.5,0.0,0.0
Image_10,15.0,brightness,1236.87,0.13,0.0715
Image_10,15.0,contrast,1236.87,0.13,0.0715
Image_10,15.0,both,1236.87,0.13,0.0715
Image_10,14.0,none,1034.04,16.51,1.733
Image_10,14.0,brightness,1078.65,12.91,1.0774
Image_10,14.0,contrast,1057.48,14.62,1.3835
Image_10,14.0,both,1032.71,16.62,1.7428
Image_10,13.0,none,847.0,31.61,3.5103
Image_10,13.0,brightness,920.96,25.64,2.3129
Image_10,13.0,contrast,886.74,28.4,2.8681
Image_10,13.0,both,845.94,31.7,3.5169
Image_10,12.0,none,677.37,45.31,5.3436
Image_10,12.0,brightness,762.45,38.44,3.8205
Image_10,12.0,contrast,723.91,41.55,4.5052
Image_10,12.0,both,676.56,45.37,5.3517
Image_10,11.0,none,525.15,57.6,7.2415
Image_10,11.0,brightness,608.24,50.89,5.5641
Image_10,11.0,contrast,570.48,53.94,6.3196
Image_10,11.0,both,524.56,57.65,7.2454
Image_10,10.0,none,390.35,68.48,9.2305
Image_10,10.0,brightness,460.14,62.85,7.6066
Image_10,10.0,contrast,428.73,65.38,8.3306
Image_10,10.0,both,389.95,68.51,9.238
Image_10,9.0,none,272.96,77.96,11.3601
Image_10,9.0,brightness,322.1,73.99,9.9786
Image_10,9.0,contrast,299.87,75.79,10.5954
Image_10,9.0,both,272.72,77.98,11.3608
Image_11,15.0,none,1105.69,0.0,0.0
Image_11,15.0,brightness,1103.7,0.18,0.0878
Image_11,15.0,contrast,1103.7,0.18,0.0878
Image_11,15.0,both,1103.7,0.18,0.0878
Image_11,14.0,none,925.83,16.27,1.4723
Image_11,14.0,brightness,973.32,11.97,0.8245
Image_11,14.0,contrast,946.3,14.42,1.1813
Image_11,14.0,both,924.21,16.41,1.4928
Image_11,13.0,none,761.13,31.16,2.9784
Image_11,13.0,brightness,839.71,24.06,1.7796
Image_11,13.0,contrast,796.37,27.97,2.4303
Image_11,13.0,both,759.85,31.28,2.9945
Image_11,12.0,none,611.6,44.69,4.5298
Image_11,12.0,brightness,702.27,36.49,2.9709
Image_11,12.0,contrast,653.15,40.93,3.8087
Image_11,12.0,both,610.62,44.78,4.5442
Image_11,11.0,none,477.23,56.84,6.1334
Image_11,11.0,brightness,565.94,48.82,4.4028
Image_11,11.0,contrast,517.89,53.16,5.3383
Image_11,11.0,both,476.51,56.9,6.1394
Image_11,10.0,none,358.03,67.62,7.7991
Image_11,10.0,brightness,432.55,60.88,6.1416
Image_11,10.0,contrast,392.53,64.5,7.0279
Image_11,10.0,both,357.54,67.66,7.8075
Image_11,9.0,none,253.99,77.03,9.5244
Image_11,9.0,brightness,306.43,72.29,8.1913
Image_11,9.0,contrast,278.17,74.84,8.903
Image_11,9.0,both,253.7,77.05,9.5294
Image_12,15.0,none,1438.65,0.0,0.0
Image_12,15.0,brightness,1437.49,0.08,0.0533
Image_12,15.0,contrast,1437.49,0.08,0.0533
Image_12,15.0,both,1437.49,0.08,0.0533
Image_12,14.0,none,1197.13,16.79,1.8665
Image_12,14.0,brightness,1246.71,13.34,1.2204
Image_12,14.0,contrast,1226.79,14.73,1.4805
Image_12,14.0,both,1196.18,16.85,1.8765
Image_12,13.0,none,976.41,32.13,3.7804
Image_12,13.0,brightness,1058.75,26.41,2.5907
Image_12,13.0,contrast,1026.29,28.66,3.0661
Image_12,13.0,both,975.66,32.18,3.785
Image_12,12.0,none,776.49,46.03,5.7519
Image_12,12.0,brightness,871.5,39.42,4.2261
Image_12,12.0,contrast,834.9,41.97,4.8185
Image_12,12.0,both,775.91,46.07,5.7596
Image_12,11.0,none,597.37,58.48,7.799
Image_12,11.0,brightness,690.27,52.02,6.1078
Image_12,11.0,contrast,654.4,54.51,6.765
Image_12,11.0,both,596.95,58.51,7.8045
Image_12,10.0,none,439.06,69.48,9.933
Image_12,10.0,brightness,517.26,64.05,8.2989
Image_12,10.0,contrast,487.41,66.12,8.9241
Image_12,10.0,both,438.77,69.5,9.9368
Image_12,9.0,none,301.54,79.04,12.186
Image_12,9.0,brightness,356.64,75.21,10.8297
Image_12,9.0,contrast,335.53,76.68,11.3493
Image_12,9.0,both,301.38,79.05,12.1874
Image_13,15.0,none,1310.28,0.0,0.0
Image_13,15.0,brightness,1308.96,0.1,0.0616
Image_13,15.0,contrast,1308.96,0.1,0.0616
Image_13,15.0,both,1308.96,0.1,0.0616
Image_13,14.0,none,1092.53,16.62,1.6377
Image_13,14.0,brightness,1146.01,12.54,0.9716
Image_13,14.0,contrast,1116.65,14.78,1.3316
Image_13,14.0,both,1091.46,16.7,1.6567
Image_13,13.0,none,893.41,31.82,3.3155
Image_13,13.0,brightness,979.92,25.21,2.0892
Image_13,13.0,contrast,933.02,28.79,2.7564
Image_13,13.0,both,892.56,31.88,3.3308
Image_13,12.0,none,712.92,45.59,5.0469
Image_13,12.0,brightness,811.03,38.1,3.4447
Image_13,12.0,contrast,758.03,42.15,4.3286
Image_13,12.0,both,712.27,45.64,5.0595
Image_13,11.0,none,551.05,57.94,6.8321
Image_13,11.0,brightness,645.44,50.74,5.0889
Image_13,11.0,contrast,593.82,54.68,6.0673
Image_13,11.0,both,550.58,57.98,6.835
Image_13,10.0,none,407.82,68.88,8.6883
Image_13,10.0,brightness,486.3,62.89,7.0355
Image_13,10.0,contrast,443.3,66.17,7.963
Image_13,10.0,both,407.5,68.9,8.6958
Image_13,9.0,none,283.21,78.39,10.5956
Image_13,9.0,brightness,338.05,74.2,9.3003
Image_13,9.0,contrast,307.67,76.52,10.0245
Image_13,9.0,both,283.02,78.4,10.601
Image_14,15.0,none,1175.37,0.0,0.0
Image_14,15.0,brightness,1174.11,0.11,0.0587
Image_14,15.0,contrast,1174.11,0.11,0.0587
Image_14,15.0,both,1174.11,0.11,0.0587
Image_14,14.0,none,982.6,16.4,1.4863
Image_14,14.0,brightness,1038.01,11.69,0.7697
Image_14,14.0,contrast,1004.8,14.51,1.1949
Image_14,14.0,both,981.58,16.49,1.5031
Image_14,13.0,none,806.18,31.41,3.0077
Image_14,13.0,brightness,897.18,23.67,1.6952
Image_14,13.0,contrast,844.15,28.18,2.4596
Image_14,13.0,both,805.37,31.48,3.0221
Image_14,12.0,none,646.11,45.03,4.5744
Image_14,12.0,brightness,751.18,36.09,2.8672
Image_14,12.0,contrast,690.85,41.22,3.8507
Image_14,12.0,both,645.48,45.08,4.5883
Image_14,11.0,none,502.37,57.26,6.1947
Image_14,11.0,brightness,605.11,48.52,4.3042
Image_14,11.0,contrast,546.14,53.53,5.396
Image_14,11.0,both,501.92,57.3,6.1982
Image_14,10.0,none,374.98,68.1,7.8768
Image_14,10.0,brightness,461.52,60.73,6.0588
Image_14,10.0,contrast,412.21,64.93,7.0998
Image_14,10.0,both,374.68,68.12,7.8851
Image_14,9.0,none,263.94,77.54,9.6136
Image_14,9.0,brightness,325.07,72.34,8.1458
Image_14,9.0,contrast,290.12,75.32,8.99
Image_14,9.0,both,263.76,77.56,9.618
Image_15,15.0,none,1352.67,0.0,0.0
Image_15,15.0,brightness,1351.15,0.11,0.0627
Image_15,15.0,contrast,1351.15,0.11,0.0627
Image_15,15.0,both,1351.15,0.11,0.0627
Image_15,14.0,none,1127.07,16.68,2.0356
Image_15,14.0,brightness,1171.87,13.37,1.3337
Image_15,14.0,contrast,1153.49,14.72,1.6164
Image_15,14.0,both,1125.83,16.77,2.0396
Image_15,13.0,none,920.81,31.93,4.1255
Image_15,13.0,brightness,994.66,26.47,2.8532
Image_15,13.0,contrast,964.94,28.66,3.3712
Image_15,13.0,both,919.83,32.0,4.1253
Image_15,12.0,none,733.91,45.74,6.2833
Image_15,12.0,brightness,818.21,39.51,4.6656
Image_15,12.0,contrast,784.94,41.97,5.3101
Image_15,12.0,both,733.15,45.8,6.2861
Image_15,11.0,none,566.35,58.13,8.5202
Image_15,11.0,brightness,647.82,52.11,6.7535
Image_15,11.0,contrast,615.43,54.5,7.4666
Image_15,11.0,both,565.8,58.17,8.5226
Image_15,10.0,none,418.13,69.09,10.863
Image_15,10.0,brightness,485.79,64.09,9.1704
Image_15,10.0,contrast,459.11,66.06,9.8468
Image_15,10.0,both,417.76,69.12,10.8658
Image_15,9.0,none,289.26,78.62,13.3663
Image_15,9.0,brightness,336.31,75.14,11.9486
Image_15,9.0,contrast,317.6,76.52,12.5111
Image_15,9.0,both,289.05,78.63,13.3637
Image_16,15.0,none,1327.65,0.0,0.0
Image_16,15.0,brightness,1326.22,0.11,0.0646
Image_16,15.0,contrast,1326.22,0.11,0.0646
Image_16,15.0,both,1326.22,0.11,0.0646
Image_16,14.0,none,1106.68,16.64,1.7186
Image_16,14.0,brightness,1154.53,13.04,1.0798
Image_16,14.0,contrast,1132.8,14.68,1.3714
Image_16,14.0,both,1105.52,16.73,1.7316
Image_16,13.0,none,904.64,31.86,3.4791
Image_16,13.0,brightness,983.88,25.89,2.3099
Image_16,13.0,contrast,948.75,28.54,2.838
Image_16,13.0,both,903.72,31.93,3.4888
Image_16,12.0,none,721.52,45.65,5.2947
Image_16,12.0,brightness,812.68,38.79,3.801
Image_16,12.0,contrast,773.16,41.77,4.4547
Image_16,12.0,both,720.81,45.71,5.3049
Image_16,11.0,none,557.32,58.02,7.1754
Image_16,11.0,brightness,646.28,51.32,5.5291
Image_16,11.0,contrast,607.58,54.24,6.252
Image_16,11.0,both,556.81,58.06,7.1801
Image_16,10.0,none,412.04,68.96,9.1402
Image_16,10.0,brightness,486.74,63.34,7.5504
Image_16,10.0,contrast,454.56,65.76,8.2393
Image_16,10.0,both,411.7,68.99,9.1475
Image_16,9.0,none,285.69,78.48,11.2111
Image_16,9.0,brightness,338.21,74.53,9.8928
Image_16,9.0,contrast,315.47,76.24,10.4681
Image_16,9.0,both,285.49,78.5,11.214
Image_17,15.0,none,1461.75,0.0,0.0
Image_17,15.0,brightness,1460.42,0.09,0.0579
Image_17,15.0,contrast,1460.42,0.09,0.0579
Image_17,15.0,both,1460.42,0.09,0.0579
Image_17,14.0,none,1215.95,16.82,2.0282
Image_17,14.0,brightness,1260.57,13.76,1.3874
Image_17,14.0,contrast,1242.44,15.0,1.6506
Image_17,14.0,both,1214.87,16.89,2.0358
Image_17,13.0,none,991.34,32.18,4.1121
Image_17,13.0,brightness,1063.48,27.25,2.9743
Image_17,13.0,contrast,1034.36,29.24,3.4434
Image_17,13.0,both,990.48,32.24,4.1167
Image_17,12.0,none,787.93,46.1,6.259
Image_17,12.0,brightness,869.16,40.54,4.8311
Image_17,12.0,contrast,836.64,42.76,5.4108
Image_17,12.0,both,787.27,46.14,6.2645
Image_17,11.0,none,605.71,58.56,8.488
Image_17,11.0,brightness,683.23,53.26,6.9519
Image_17,11.0,contrast,651.72,55.42,7.5869
Image_17,11.0,both,605.23,58.6,8.4901
Image_17,10.0,none,444.68,69.58,10.818
Image_17,10.0,brightness,508.41,65.22,9.3604
Image_17,10.0,contrast,482.51,66.99,9.9588
Image_17,10.0,both,444.36,69.6,10.8218
Image_17,9.0,none,304.84,79.15,13.2869
Image_17,9.0,brightness,348.77,76.14,12.0875
Image_17,9.0,contrast,330.67,77.38,12.5848
Image_17,9.0,both,304.65,79.16,13.2875
Image_18,15.0,none,1131.99,0.0,0.0
Image_18,15.0,brightness,1130.19,0.16,0.0723
Image_18,15.0,contrast,1130.19,0.16,0.0723
Image_18,15.0,both,1130.19,0.16,0.0723
Image_18,14.0,none,947.26,16.32,1.7551
Image_18,14.0,brightness,993.14,12.27,0.9728
Image_18,14.0,contrast,967.63,14.52,1.4023
Image_18,14.0,both,945.79,16.45,1.7591
Image_18,13.0,none,778.14,31.26,3.5561
Image_18,13.0,brightness,853.66,24.59,2.1379
Image_18,13.0,contrast,812.7,28.21,2.9163
Image_18,13.0,both,776.97,31.36,3.5574
Image_18,12.0,none,624.62,44.82,5.4154
Image_18,12.0,brightness,711.36,37.16,3.6154
Image_18,12.0,contrast,664.99,41.25,4.5821
Image_18,12.0,both,623.73,44.9,5.4208
Image_18,11.0,none,486.72,57.0,7.3427
Image_18,11.0,brightness,571.31,49.53,5.3568
Image_18,11.0,contrast,525.93,53.54,6.4317
Image_18,11.0,both,486.07,57.06,7.3417
Image_18,10.0,none,364.43,67.81,9.3693
Image_18,10.0,brightness,435.44,61.53,7.4451
Image_18,10.0,contrast,397.59,64.88,8.4748
Image_18,10.0,both,363.99,67.85,9.3757
Image_18,9.0,none,257.74,77.23,11.5566
Image_18,9.0,brightness,307.79,72.81,9.8945
Image_18,9.0,contrast,280.97,75.18,10.7883
Image_18,9.0,both,257.49,77.25,11.5533
Image_19,15.0,none,1038.62,0.0,0.0
Image_19,15.0,brightness,1036.98,0.16,0.0733
Image_19,15.0,contrast,1036.98,0.16,0.0733
Image_19,15.0,both,1036.98,0.16,0.0733
Image_19,14.0,none,871.18,16.12,1.3431
Image_19,14.0,brightness,922.36,11.19,0.6477
Image_19,14.0,contrast,888.02,14.5,1.1056
Image_19,14.0,both,869.84,16.25,1.3637
Image_19,13.0,none,717.77,30.89,2.7178
Image_19,13.0,brightness,801.78,22.8,1.4182
Image_19,13.0,contrast,746.88,28.09,2.2655
Image_19,13.0,both,716.71,30.99,2.7352
Image_19,12.0,none,578.38,44.31,4.1339
Image_19,12.0,brightness,675.16,34.99,2.4198
Image_19,12.0,contrast,612.66,41.01,3.5354
Image_19,12.0,both,577.57,44.39,4.1479
Image_19,11.0,none,453.03,56.38,5.5974
Image_19,11.0,brightness,547.4,47.3,3.7024
Image_19,11.0,contrast,486.38,53.17,4.9433
Image_19,11.0,both,452.44,56.44,5.5982
Image_19,10.0,none,341.7,67.1,7.1109
Image_19,10.0,brightness,420.99,59.47,5.3043
Image_19,10.0,contrast,369.98,64.38,6.4836
Image_19,10.0,both,341.3,67.14,7.1168
Image_19,9.0,none,244.41,76.47,8.6135
Image_19,9.0,brightness,300.31,71.09,7.2218
Image_19,9.0,contrast,264.19,74.56,8.1425
Image_19,9.0,both,244.17,76.49,8.6228
Image_20,15.0,none,1030.4,0.0,0.0
Image_20,15.0,brightness,1028.61,0.17,0.0826
Image_20,15.0,contrast,1028.61,0.17,0.0826
Image_20,15.0,both,1028.61,0.17,0.0826
Image_20,14.0,none,864.48,16.1,1.3588
Image_20,14.0,brightness,910.46,11.64,0.7269
Image_20,14.0,contrast,880.36,14.56,1.1262
Image_20,14.0,both,863.03,16.24,1.3795
Image_20,13.0,none,712.45,30.86,2.7506
Image_20,13.0,brightness,788.2,23.5,1.5619
Image_20,13.0,contrast,739.89,28.19,2.3089
Image_20,13.0,both,711.3,30.97,2.7671
Image_20,12.0,none,574.31,44.26,4.1835
Image_20,12.0,brightness,661.6,35.79,2.6136
Image_20,12.0,contrast,606.64,41.13,3.6003
Image_20,12.0,both,573.43,44.35,4.1969
Image_20,11.0,none,450.06,56.32,5.667
Image_20,11.0,brightness,535.25,48.05,3.9293
Image_20,11.0,contrast,481.54,53.27,5.0277
Image_20,11.0,both,449.42,56.38,5.6684
Image_20,10.0,none,339.7,67.03,7.2012
Image_20,10.0,brightness,411.28,60.09,5.539
Image_20,10.0,contrast,366.4,64.44,6.5878
Image_20,10.0,both,339.27,67.07,7.2076
Image_20,9.0,none,243.23,76.39,8.7418
Image_20,9.0,brightness,293.71,71.5,7.4674
Image_20,9.0,contrast,261.93,74.58,8.2768
Image_20,9.0,both,242.98,76.42,8.7499
Image_21,15.0,none,924.17,0.0,0.0
Image_21,15.0,brightness,922.36,0.2,0.0831
Image_21,15.0,contrast,922.36,0.2,0.0831
Image_21,15.0,both,922.36,0.2,0.0831
Image_21,14.0,none,777.92,15.82,1.2188
Image_21,14.0,brightness,829.47,10.25,0.512
Image_21,14.0,contrast,792.48,14.25,1.0012
Image_21,14.0,both,776.45,15.98,1.2431
Image_21,13.0,none,643.77,30.34,2.4645
Image_21,13.0,brightness,728.43,21.18,1.1304
Image_21,13.0,contrast,669.52,27.55,2.0447
Image_21,13.0,both,642.6,30.47,2.4837
Image_21,12.0,none,521.71,43.55,3.746
Image_21,12.0,brightness,619.51,32.97,1.9721
Image_21,12.0,contrast,552.35,40.23,3.1876
Image_21,12.0,both,520.81,43.65,3.7621
Image_21,11.0,none,411.73,55.45,5.0703
Image_21,11.0,brightness,507.35,45.1,3.1086
Image_21,11.0,contrast,441.73,52.2,4.4555
Image_21,11.0,both,411.08,55.52,5.0723
Image_21,10.0,none,313.85,66.04,6.4296
Image_21,10.0,brightness,394.36,57.33,4.5658
Image_21,10.0,contrast,339.44,63.27,5.8416
Image_21,10.0,both,313.41,66.09,6.4355
Image_21,9.0,none,228.06,75.32,7.769
Image_21,9.0,brightness,284.97,69.16,6.3401
Image_21,9.0,contrast,246.04,73.38,7.3332
Image_21,9.0,both,227.8,75.35,7.7785
Image_22,15.0,none,1275.13,0.0,0.0
Image_22,15.0,brightness,1273.88,0.1,0.055
Image_22,15.0,contrast,1273.88,0.1,0.055
Image_22,15.0,both,1273.88,0.1,0.055
Image_22,14.0,none,1063.89,16.57,1.7191
Image_22,14.0,brightness,1117.44,12.37,0.9789
Image_22,14.0,contrast,1089.3,14.57,1.3657
Image_22,14.0,both,1062.88,16.65,1.7292
Image_22,13.0,none,870.69,31.72,3.4815
Image_22,13.0,brightness,958.66,24.82,2.1277
Image_22,13.0,contrast,913.74,28.34,2.8264
Image_22,13.0,both,869.88,31.78,3.4875
Image_22,12.0,none,695.51,45.46,5.2976
Image_22,12.0,brightness,796.96,37.5,3.5676
Image_22,12.0,contrast,746.16,41.48,4.4354
Image_22,12.0,both,694.89,45.5,5.3071
Image_22,11.0,none,538.37,57.78,7.1792
Image_22,11.0,brightness,637.54,50.0,5.2687
Image_22,11.0,contrast,587.81,53.9,6.2325
Image_22,11.0,both,537.92,57.81,7.1826
Image_22,10.0,none,399.26,68.69,9.1424
Image_22,10.0,brightness,482.66,62.15,7.2973
Image_22,10.0,contrast,441.21,65.4,8.2151
Image_22,10.0,both,398.96,68.71,9.1482
Image_22,9.0,none,278.19,78.18,11.2113
Image_22,9.0,brightness,336.86,73.58,9.679
Image_22,9.0,contrast,307.59,75.88,10.4424
Image_22,9.0,both,278.01,78.2,11.211
Image_23,15.0,none,1510.31,0.0,0.0
Image_23,15.0,brightness,1509.21,0.07,0.0492
Image_23,15.0,contrast,1509.21,0.07,0.0492
Image_23,15.0,both,1509.21,0.07,0.0492
Image_23,14.0,none,1255.51,16.87,1.9773
Image_23,14.0,brightness,1306.86,13.47,1.295
Image_23,14.0,contrast,1286.46,14.82,1.5724
Image_23,14.0,both,1254.62,16.93,1.9868
Image_23,13.0,none,1022.74,32.28,4.0055
Image_23,13.0,brightness,1106.91,26.71,2.7718
Image_23,13.0,contrast,1074.02,28.89,3.2676
Image_23,13.0,both,1022.03,32.33,4.0116
Image_23,12.0,none,811.98,46.24,6.0982
Image_23,12.0,brightness,907.98,39.88,4.5259
Image_23,12.0,contrast,871.16,42.32,5.1453
Image_23,12.0,both,811.43,46.27,6.1046
Image_23,11.0,none,623.23,58.73,8.2658
Image_23,11.0,brightness,715.67,52.61,6.5556
Image_23,11.0,contrast,679.96,54.98,7.2328
Image_23,11.0,both,622.83,58.76,8.2693
Image_23,10.0,none,456.5,69.77,10.5333
Image_23,10.0,brightness,532.94,64.71,8.9014
Image_23,10.0,contrast,503.64,66.65,9.5416
Image_23,10.0,both,456.23,69.79,10.5389
Image_23,9.0,none,311.78,79.36,12.9337
Image_23,9.0,brightness,364.63,75.86,11.592
Image_23,9.0,contrast,344.21,77.21,12.1192
Image_23,9.0,both,311.62,79.37,12.9346
Image_24,15.0,none,1329.04,0.0,0.0
Image_24,15.0,brightness,1327.84,0.09,0.0555
Image_24,15.0,contrast,1327.84,0.09,0.0555
Image_24,15.0,both,1327.84,0.09,0.0555
Image_24,14.0,none,1107.81,16.65,1.6921
Image_24,14.0,brightness,1162.37,12.54,1.0427
Image_24,14.0,contrast,1134.46,14.64,1.3501
Image_24,14.0,both,1106.84,16.72,1.7073
Image_24,13.0,none,905.54,31.87,3.4239
Image_24,13.0,brightness,995.11,25.13,2.2155
Image_24,13.0,contrast,950.62,28.47,2.7846
Image_24,13.0,both,904.76,31.92,3.4359
Image_24,12.0,none,722.21,45.66,5.208
Image_24,12.0,brightness,825.66,37.88,3.5731
Image_24,12.0,contrast,775.02,41.69,4.3712
Image_24,12.0,both,721.61,45.7,5.2164
Image_24,11.0,none,557.82,58.03,7.0466
Image_24,11.0,brightness,658.52,50.45,5.2001
Image_24,11.0,contrast,609.18,54.16,6.1298
Image_24,11.0,both,557.39,58.06,7.0487
Image_24,10.0,none,412.38,68.97,8.9534
Image_24,10.0,brightness,496.72,62.63,7.1477
Image_24,10.0,contrast,455.75,65.71,8.0705
Image_24,10.0,both,412.09,68.99,8.9592
Image_24,9.0,none,285.89,78.49,10.9173
Image_24,9.0,brightness,344.82,74.05,9.5014
Image_24,9.0,contrast,316.11,76.21,10.2115
Image_24,9.0,both,285.72,78.5,10.9225
Image_25,15.0,none,1109.59,0.0,0.0
Image_25,15.0,brightness,1107.68,0.17,0.0837
Image_25,15.0,contrast,1107.68,0.17,0.0837
Image_25,15.0,both,1107.68,0.17,0.0837
Image_25,14.0,none,929.01,16.27,1.5362
Image_25,14.0,brightness,973.23,12.29,0.9275
Image_25,14.0,contrast,948.78,14.49,1.2362
Image_25,14.0,both,927.45,16.42,1.5457
Image_25,13.0,none,763.66,31.18,3.1099
Image_25,13.0,brightness,836.93,24.57,1.9781
Image_25,13.0,contrast,797.42,28.13,2.5515
Image_25,13.0,both,762.42,31.29,3.1148
Image_25,12.0,none,613.53,44.71,4.7317
Image_25,12.0,brightness,697.74,37.12,3.2478
Image_25,12.0,contrast,653.1,41.14,4.0041
Image_25,12.0,both,612.58,44.79,4.7377
Image_25,11.0,none,478.64,56.86,6.4083
Image_25,11.0,brightness,560.67,49.47,4.7435
Image_25,11.0,contrast,517.05,53.4,5.6091
Image_25,11.0,both,477.95,56.93,6.4082
Image_25,10.0,none,358.98,67.65,8.1554
Image_25,10.0,brightness,427.65,61.46,6.5268
Image_25,10.0,contrast,391.35,64.73,7.384
Image_25,10.0,both,358.51,67.69,8.1585
Image_25,9.0,none,254.54,77.06,9.9998
Image_25,9.0,brightness,302.78,72.71,8.6458
Image_25,9.0,contrast,277.13,75.02,9.3618
Image_25,9.0,both,254.27,77.08,10.0009
Image_26,15.0,none,1350.23,0.0,0.0
Image_26,15.0,brightness,1348.76,0.11,0.0644
Image_26,15.0,contrast,1348.76,0.11,0.0644
Image_26,15.0,both,1348.76,0.11,0.0644
Image_26,14.0,none,1125.08,16.67,1.8308
Image_26,14.0,brightness,1172.3,13.18,1.1636
Image_26,14.0,contrast,1149.61,14.86,1.4846
Image_26,14.0,both,1123.88,16.76,1.8433
Image_26,13.0,none,919.24,31.92,3.7128
Image_26,13.0,brightness,997.06,26.16,2.4921
Image_26,13.0,contrast,960.53,28.86,3.0746
Image_26,13.0,both,918.29,31.99,3.7209
Image_26,12.0,none,732.7,45.74,5.6501
Image_26,12.0,brightness,822.33,39.1,4.0689
Image_26,12.0,contrast,781.01,42.16,4.8162
Image_26,12.0,both,731.97,45.79,5.6597
Image_26,11.0,none,565.47,58.12,7.6632
Image_26,11.0,brightness,652.94,51.64,5.9092
Image_26,11.0,contrast,612.52,54.64,6.7438
Image_26,11.0,both,564.94,58.16,7.6682
Image_26,10.0,none,417.54,69.08,9.7629
Image_26,10.0,brightness,491.01,63.64,8.0646
Image_26,10.0,contrast,457.36,66.13,8.8678
Image_26,10.0,both,417.18,69.1,9.7681
Image_26,9.0,none,288.91,78.6,11.9737
Image_26,9.0,brightness,340.6,74.77,10.5767
Image_26,9.0,contrast,316.82,76.54,11.2371
Image_26,9.0,both,288.7,78.62,11.9766
Image_27,15.0,none,925.46,0.0,0.0
Image_27,15.0,brightness,924.02,0.16,0.063
Image_27,15.0,contrast,924.02,0.16,0.063
Image_27,15.0,both,924.02,0.16,0.063
Image_27,14.0,none,778.98,15.83,1.3457
Image_27,14.0,brightness,826.36,10.71,0.7881
Image_27,14.0,contrast,794.62,14.14,1.0858
Image_27,14.0,both,777.8,15.96,1.3558
Image_27,13.0,none,644.6,30.35,2.7087
Image_27,13.0,brightness,723.26,21.85,1.6341
Image_27,13.0,contrast,672.71,27.31,2.2082
Image_27,13.0,both,643.67,30.45,2.7158
Image_27,12.0,none,522.35,43.56,4.1178
Image_27,12.0,brightness,613.26,33.73,2.6003
Image_27,12.0,contrast,555.64,39.96,3.4552
Image_27,12.0,both,521.63,43.64,4.1247
Image_27,11.0,none,412.2,55.46,5.5593
Image_27,11.0,brightness,501.29,45.83,3.7705
Image_27,11.0,contrast,444.92,51.92,4.8338
Image_27,11.0,both,411.68,55.52,5.5606
Image_27,10.0,none,314.16,66.05,7.052
Image_27,10.0,brightness,389.27,57.94,5.1903
Image_27,10.0,contrast,342.16,63.03,6.3528
Image_27,10.0,both,313.81,66.09,7.0553
Image_27,9.0,none,228.24,75.34,8.5806
Image_27,9.0,brightness,281.36,69.6,7.0927
Image_27,9.0,contrast,247.96,73.21,8.017
Image_27,9.0,both,228.04,75.36,8.5833
Image_28,15.0,none,1534.55,0.0,0.0
Image_28,15.0,brightness,1533.78,0.05,0.0339
Image_28,15.0,contrast,1533.78,0.05,0.0339
Image_28,15.0,both,1533.78,0.05,0.0339
Image_28,14.0,none,1275.27,16.9,1.8833
Image_28,14.0,brightness,1327.93,13.46,1.3833
Image_28,14.0,contrast,1304.21,15.01,1.5284
Image_28,14.0,both,1274.64,16.94,1.8922
Image_28,13.0,none,1038.41,32.33,3.816
Image_28,13.0,brightness,1121.98,26.89,2.9156
Image_28,13.0,contrast,1084.82,29.31,3.1868
Image_28,13.0,both,1037.91,32.36,3.8219
Image_28,12.0,none,823.98,46.3,5.8012
Image_28,12.0,brightness,918.46,40.15,4.6092
Image_28,12.0,contrast,876.29,42.9,5.0083
Image_28,12.0,both,823.6,46.33,5.8061
Image_28,11.0,none,631.97,58.82,7.8521
Image_28,11.0,brightness,722.33,52.93,6.52
Image_28,11.0,contrast,681.52,55.59,7.013
Image_28,11.0,both,631.7,58.83,7.8548
Image_28,10.0,none,462.4,69.87,9.9896
Image_28,10.0,brightness,536.85,65.02,8.63
Image_28,10.0,contrast,503.15,67.21,9.1914
Image_28,10.0,both,462.21,69.88,9.9926
Image_28,9.0,none,315.24,79.46,12.2387
Image_28,9.0,brightness,366.61,76.11,11.0733
Image_28,9.0,contrast,343.08,77.64,11.5895
Image_28,9.0,both,315.13,79.46,12.2403
Image_29,15.0,none,1211.39,0.0,0.0
Image_29,15.0,brightness,1209.65,0.14,0.0712
Image_29,15.0,contrast,1209.65,0.14,0.0712
Image_29,15.0,both,1209.65,0.14,0.0712
Image_29,14.0,none,1011.96,16.46,1.6368
Image_29,14.0,brightness,1058.15,12.65,0.9902
Image_29,14.0,contrast,1033.45,14.69,1.3282
Image_29,14.0,both,1010.54,16.58,1.6536
Image_29,13.0,none,829.47,31.53,3.3151
Image_29,13.0,brightness,903.76,25.39,2.1386
Image_29,13.0,contrast,864.73,28.62,2.7594
Image_29,13.0,both,828.35,31.62,3.3296
Image_29,12.0,none,663.95,45.19,5.0502
Image_29,12.0,brightness,747.88,38.26,3.5216
Image_29,12.0,contrast,703.85,41.9,4.3421
Image_29,12.0,both,663.08,45.26,5.0616
Image_29,11.0,none,515.37,57.46,6.8407
Image_29,11.0,brightness,596.14,50.79,5.1628
Image_29,11.0,contrast,553.14,54.34,6.0819
Image_29,11.0,both,514.74,57.51,6.8433
Image_29,10.0,none,383.75,68.32,8.7103
Image_29,10.0,brightness,450.72,62.79,7.0993
Image_29,10.0,contrast,415.04,65.74,7.9929
Image_29,10.0,both,383.33,68.36,8.7188
Image_29,9.0,none,269.08,77.79,10.6496
Image_29,9.0,brightness,315.8,73.93,9.3676
Image_29,9.0,contrast,290.6,76.01,10.078
Image_29,9.0,both,268.83,77.81,10.6535
Image_30,15.0,none,1222.02,0.0,0.0
Image_30,15.0,brightness,1220.69,0.11,0.0614
Image_30,15.0,contrast,1220.69,0.11,0.0614
Image_30,15.0,both,1220.69,0.11,0.0614
Image_30,14.0,none,1020.62,16.48,1.6233
Image_30,14.0,brightness,1072.23,12.26,0.9285
Image_30,14.0,contrast,1044.4,14.54,1.2941
Image_30,14.0,both,1019.53,16.57,1.6371
Image_30,13.0,none,836.35,31.56,3.2866
Image_30,13.0,brightness,921.36,24.6,2.0079
Image_30,13.0,contrast,876.77,28.25,2.6742
Image_30,13.0,both,835.48,31.63,3.2972
Image_30,12.0,none,669.21,45.24,5.0008
Image_30,12.0,brightness,767.2,37.22,3.3349
Image_30,12.0,contrast,716.64,41.36,4.1982
Image_30,12.0,both,668.55,45.29,5.0112
Image_30,11.0,none,519.21,57.51,6.7718
Image_30,11.0,brightness,614.86,49.68,4.9271
Image_30,11.0,contrast,565.42,53.73,5.8899
Image_30,11.0,both,518.72,57.55,6.7744
Image_30,10.0,none,386.34,68.39,8.6165
Image_30,10.0,brightness,466.64,61.81,6.8469
Image_30,10.0,contrast,425.47,65.18,7.7605
Image_30,10.0,both,386.01,68.41,8.6235
Image_30,9.0,none,270.6,77.86,10.5448
Image_30,9.0,brightness,327.03,73.24,9.1051
Image_30,9.0,contrast,297.99,75.62,9.8459
Image_30,9.0,both,270.41,77.87,10.5473
Image_31,15.0,none,1203.43,0.0,0.0
Image_31,15.0,brightness,1201.47,0.16,0.0728
Image_31,15.0,contrast,1201.47,0.16,0.0728
Image_31,15.0,both,1201.47,0.16,0.0728
Image_31,14.0,none,1005.47,16.45,1.9491
Image_31,14.0,brightness,1041.07,13.49,1.289
Image_31,14.0,contrast,1024.26,14.89,1.5976
Image_31,14.0,both,1003.87,16.58,1.9548
Image_31,13.0,none,824.33,31.5,3.9598
Image_31,13.0,brightness,881.78,26.73,2.7713
Image_31,13.0,contrast,854.86,28.96,3.3434
Image_31,13.0,both,823.06,31.61,3.9639
Image_31,12.0,none,660.0,45.16,6.0419
Image_31,12.0,brightness,724.81,39.77,4.5119
Image_31,12.0,contrast,694.63,42.28,5.2523
Image_31,12.0,both,659.03,45.24,6.0452
Image_31,11.0,none,512.5,57.41,8.2179
Image_31,11.0,brightness,574.77,52.24,6.5411
Image_31,11.0,contrast,545.34,54.68,7.3658
Image_31,11.0,both,511.79,57.47,8.2166
Image_31,10.0,none,381.81,68.27,10.5149
Image_31,10.0,brightness,433.33,63.99,8.8965
Image_31,10.0,contrast,409.01,66.01,9.6873
Image_31,10.0,both,381.34,68.31,10.5181
Image_31,9.0,none,267.95,77.73,12.9475
Image_31,9.0,brightness,303.7,74.76,11.6462
Image_31,9.0,contrast,286.62,76.18,12.273
Image_31,9.0,both,267.67,77.76,12.9513
Image_32,15.0,none,1324.8,0.0,0.0
Image_32,15.0,brightness,1323.61,0.09,0.0534
Image_32,15.0,contrast,1323.61,0.09,0.0534
Image_32,15.0,both,1323.61,0.09,0.0534
Image_32,14.0,none,1104.36,16.64,1.7324
Image_32,14.0,brightness,1157.21,12.65,1.0191
Image_32,14.0,contrast,1130.61,14.66,1.3814
Image_32,14.0,both,1103.39,16.71,1.7438
Image_32,13.0,none,902.8,31.85,3.5083
Image_32,13.0,brightness,989.95,25.28,2.2086
Image_32,13.0,contrast,947.17,28.5,2.858
Image_32,13.0,both,902.03,31.91,3.5171
Image_32,12.0,none,720.11,45.64,5.3393
Image_32,12.0,brightness,820.62,38.06,3.6766
Image_32,12.0,contrast,772.15,41.72,4.4855
Image_32,12.0,both,719.52,45.69,5.3496
Image_32,11.0,none,556.29,58.01,7.2348
Image_32,11.0,brightness,654.08,50.63,5.4081
Image_32,11.0,contrast,606.97,54.18,6.2977
Image_32,11.0,both,555.86,58.04,7.2383
Image_32,10.0,none,411.35,68.95,9.2153
Image_32,10.0,brightness,492.92,62.79,7.4618
Image_32,10.0,contrast,453.87,65.74,8.3066
Image_32,10.0,both,411.06,68.97,9.2234
Image_32,9.0,none,285.28,78.47,11.3064
Image_32,9.0,brightness,342.32,74.16,9.8515
Image_32,9.0,contrast,314.79,76.24,10.5578
Image_32,9.0,both,285.11,78.48,11.3071
Image_33,15.0,none,1295.15,0.0,0.0
Image_33,15.0,brightness,1293.89,0.1,0.0577
Image_33,15.0,contrast,1293.89,0.1,0.0577
Image_33,15.0,both,1293.89,0.1,0.0577
Image_33,14.0,none,1080.2,16.6,1.6824
Image_33,14.0,brightness,1133.39,12.49,0.9816
Image_33,14.0,contrast,1105.9,14.61,1.3406
Image_33,14.0,both,1079.17,16.68,1.6971
Image_33,13.0,none,883.63,31.77,3.4063
Image_33,13.0,brightness,971.0,25.03,2.1233
Image_33,13.0,contrast,927.11,28.42,2.7715
Image_33,13.0,both,882.81,31.84,3.4162
Image_33,12.0,none,705.42,45.53,5.1828
Image_33,12.0,brightness,806.16,37.76,3.5183
Image_33,12.0,contrast,756.38,41.6,4.3516
Image_33,12.0,both,704.8,45.58,5.1932
Image_33,11.0,none,545.59,57.87,7.0224
Image_33,11.0,brightness,643.81,50.29,5.1899
Image_33,11.0,contrast,595.2,54.04,6.108
Image_33,11.0,both,545.14,57.91,7.0272
Image_33,10.0,none,404.13,68.8,8.9358
Image_33,10.0,brightness,486.56,62.43,7.1777
Image_33,10.0,contrast,446.07,65.56,8.0495
Image_33,10.0,both,403.83,68.82,8.9411
Image_33,9.0,none,281.05,78.3,10.9219
Image_33,9.0,brightness,339.03,73.82,9.5049
Image_33,9.0,contrast,310.4,76.03,10.2066
Image_33,9.0,both,280.87,78.31,10.9259
Image_34,15.0,none,1095.53,0.0,0.0
Image_34,15.0,brightness,1093.76,0.16,0.0781
Image_34,15.0,contrast,1093.76,0.16,0.0781
Image_34,15.0,both,1093.76,0.16,0.0781
Image_34,14.0,none,917.55,16.25,1.519
Image_34,14.0,brightness,966.13,11.81,0.8228
Image_34,14.0,contrast,937.43,14.43,1.2183
Image_34,14.0,both,916.11,16.38,1.5377
Image_34,13.0,none,754.57,31.12,3.0802
Image_34,13.0,brightness,834.33,23.84,1.7451
Image_34,13.0,contrast,788.41,28.03,2.5233
Image_34,13.0,both,753.42,31.23,3.0962
Image_34,12.0,none,606.57,44.63,4.7002
Image_34,12.0,brightness,697.96,36.29,2.8826
Image_34,12.0,contrast,645.95,41.04,3.9707
Image_34,12.0,both,605.69,44.71,4.7125
Image_34,11.0,none,473.57,56.77,6.3739
Image_34,11.0,brightness,562.09,48.69,4.3356
Image_34,11.0,contrast,511.4,53.32,5.581
Image_34,11.0,both,472.93,56.83,6.3758
Image_34,10.0,none,355.55,67.55,8.108
Image_34,10.0,brightness,429.39,60.81,6.1485
Image_34,10.0,contrast,387.19,64.66,7.3573
Image_34,10.0,both,355.12,67.58,8.1143
Image_34,9.0,none,252.53,76.95,9.8671
Image_34,9.0,brightness,304.22,72.23,8.3589
Image_34,9.0,contrast,274.43,74.95,9.2826
Image_34,9.0,both,252.28,76.97,9.8741
Image_35,15.0,none,1246.21,0.0,0.0
Image_35,15.0,brightness,1244.66,0.12,0.0665
Image_35,15.0,contrast,1244.66,0.12,0.0665
Image_35,15.0,both,1244.66,0.12,0.0665
Image_35,14.0,none,1040.32,16.52,1.7001
Image_35,14.0,brightness,1083.85,13.03,1.0162
Image_35,14.0,contrast,1057.19,15.17,1.4357
Image_35,14.0,both,1039.07,16.62,1.713
Image_35,13.0,none,851.98,31.63,3.4556
Image_35,13.0,brightness,923.03,25.93,2.1832
Image_35,13.0,contrast,880.59,29.34,2.9674
Image_35,13.0,both,850.99,31.71,3.4666
Image_35,12.0,none,681.19,45.34,5.2665
Image_35,12.0,brightness,762.6,38.81,3.5921
Image_35,12.0,contrast,714.42,42.67,4.6246
Image_35,12.0,both,680.42,45.4,5.2762
Image_35,11.0,none,527.93,57.64,7.1618
Image_35,11.0,brightness,606.99,51.29,5.3028
Image_35,11.0,contrast,559.99,55.06,6.459
Image_35,11.0,both,527.38,57.68,7.1616
Image_35,10.0,none,392.22,68.53,9.1441
Image_35,10.0,brightness,458.35,63.22,7.3317
Image_35,10.0,contrast,419.16,66.37,8.4627
Image_35,10.0,both,391.85,68.56,9.1486
Image_35,9.0,none,274.06,78.01,11.171
Image_35,9.0,brightness,320.49,74.28,9.7397
Image_35,9.0,contrast,292.77,76.51,10.6466
Image_35,9.0,both,273.84,78.03,11.1789
Image_36,15.0,none,1386.64,0.0,0.0
Image_36,15.0,brightness,1385.4,0.09,0.0536
Image_36,15.0,contrast,1385.4,0.09,0.0536
Image_36,15.0,both,1385.4,0.09,0.0536
Image_36,14.0,none,1154.75,16.72,1.8946
Image_36,14.0,brightness,1205.1,13.09,1.2235
Image_36,14.0,contrast,1182.44,14.73,1.5079
Image_36,14.0,both,1153.74,16.8,1.9036
Image_36,13.0,none,942.78,32.01,3.8372
Image_36,13.0,brightness,1025.84,26.02,2.6018
Image_36,13.0,contrast,989.2,28.66,3.1279
Image_36,13.0,both,941.98,32.07,3.8422
Image_36,12.0,none,750.73,45.86,5.8432
Image_36,12.0,brightness,846.25,38.97,4.2113
Image_36,12.0,contrast,804.99,41.95,4.9169
Image_36,12.0,both,750.12,45.9,5.8479
Image_36,11.0,none,578.61,58.27,7.916
Image_36,11.0,brightness,671.88,51.55,6.0811
Image_36,11.0,contrast,631.51,54.46,6.899
Image_36,11.0,both,578.16,58.31,7.9189
Image_36,10.0,none,426.4,69.25,10.0813
Image_36,10.0,brightness,504.89,63.59,8.2796
Image_36,10.0,contrast,471.28,66.01,9.0885
Image_36,10.0,both,426.1,69.27,10.0853
Image_36,9.0,none,294.11,78.79,12.3532
Image_36,9.0,brightness,349.54,74.79,10.868
Image_36,9.0,contrast,325.66,76.51,11.5345
Image_36,9.0,both,293.94,78.8,12.3554
Image_37,15.0,none,1049.01,0.0,0.0
Image_37,15.0,brightness,1047.59,0.14,0.0563
Image_37,15.0,contrast,1047.59,0.14,0.0563
Image_37,15.0,both,1047.59,0.14,0.0563
Image_37,14.0,none,879.65,16.15,1.4705
Image_37,14.0,brightness,927.47,11.59,0.986
Image_37,14.0,contrast,898.53,14.35,1.1906
Image_37,14.0,both,878.49,16.26,1.4793
Image_37,13.0,none,724.49,30.94,2.9686
Image_37,13.0,brightness,803.48,23.41,2.0019
Image_37,13.0,contrast,756.67,27.87,2.4316
Image_37,13.0,both,723.57,31.02,2.9742
Image_37,12.0,none,583.53,44.37,4.5118
Image_37,12.0,brightness,674.57,35.69,3.0792
Image_37,12.0,contrast,621.55,40.75,3.8072
Image_37,12.0,both,582.83,44.44,4.5152
Image_37,11.0,none,456.78,56.46,6.0814
Image_37,11.0,brightness,545.76,47.97,4.3377
Image_37,11.0,contrast,493.95,52.91,5.3198
Image_37,11.0,both,456.27,56.5,6.0818
Image_37,10.0,none,344.23,67.19,7.7121
Image_37,10.0,brightness,419.14,60.04,5.8543
Image_37,10.0,contrast,375.81,64.17,6.9768
Image_37,10.0,both,343.89,67.22,7.7133
Image_37,9.0,none,245.89,76.56,9.3729
Image_37,9.0,brightness,298.83,71.51,7.8778
Image_37,9.0,contrast,268.1,74.44,8.7821
Image_37,9.0,both,245.69,76.58,9.3755
Image_38,15.0,none,1111.48,0.0,0.0
Image_38,15.0,brightness,1109.82,0.15,0.0666
Image_38,15.0,contrast,1109.82,0.15,0.0666
Image_38,15.0,both,1109.82,0.15,0.0666
Image_38,14.0,none,930.55,16.28,1.7618
Image_38,14.0,brightness,975.17,12.26,1.1164
Image_38,14.0,contrast,951.53,14.39,1.3941
Image_38,14.0,both,929.2,16.4,1.7668
Image_38,13.0,none,764.88,31.18,3.5636
Image_38,13.0,brightness,839.11,24.51,2.3829
Image_38,13.0,contrast,800.81,27.95,2.8862
Image_38,13.0,both,763.8,31.28,3.5643
Image_38,12.0,none,614.47,44.72,5.4286
Image_38,12.0,brightness,700.19,37.0,3.8517
Image_38,12.0,contrast,657.09,40.88,4.5366
Image_38,12.0,both,613.65,44.79,5.4308
Image_38,11.0,none,479.32,56.88,7.3629
Image_38,11.0,brightness,563.27,49.32,5.5673
Image_38,11.0,contrast,521.02,53.12,6.378
Image_38,11.0,both,478.72,56.93,7.3643
Image_38,10.0,none,359.44,67.66,9.3984
Image_38,10.0,brightness,430.0,61.31,7.5899
Image_38,10.0,contrast,394.86,64.47,8.4277
Image_38,10.0,both,359.03,67.7,9.401
Image_38,9.0,none,254.81,77.07,11.5882
Image_38,9.0,brightness,304.48,72.61,10.0259
Image_38,9.0,contrast,279.68,74.84,10.7613
Image_38,9.0,both,254.58,77.1,11.5884
Image_39,15.0,none,1337.73,0.0,0.0
Image_39,15.0,brightness,1336.35,0.1,0.0611
Image_39,15.0,contrast,1336.35,0.1,0.0611
Image_39,15.0,both,1336.35,0.1,0.0611
Image_39,14.0,none,1114.9,16.66,1.7763
Image_39,14.0,brightness,1161.89,13.15,1.1285
Image_39,14.0,contrast,1139.4,14.83,1.4386
Image_39,14.0,both,1113.78,16.74,1.7881
Image_39,13.0,none,911.16,31.89,3.6004
Image_39,13.0,brightness,987.95,26.15,2.4239
Image_39,13.0,contrast,951.92,28.84,2.9832
Image_39,13.0,both,910.27,31.95,3.609
Image_39,12.0,none,726.51,45.69,5.4782
Image_39,12.0,brightness,814.1,39.14,3.9674
Image_39,12.0,contrast,773.51,42.18,4.6822
Image_39,12.0,both,725.83,45.74,5.4872
Image_39,11.0,none,560.96,58.07,7.4272
Image_39,11.0,brightness,645.71,51.73,5.7663
Image_39,11.0,contrast,606.12,54.69,6.5607
Image_39,11.0,both,560.46,58.1,7.43
Image_39,10.0,none,414.5,69.01,9.4582
Image_39,10.0,brightness,485.14,63.73,7.863
Image_39,10.0,contrast,452.28,66.19,8.6243
Image_39,10.0,both,414.16,69.04,9.4637
Image_39,9.0,none,287.13,78.54,11.5887
Image_39,9.0,brightness,336.51,74.84,10.2972
Image_39,9.0,contrast,313.34,76.58,10.914
Image_39,9.0,both,286.93,78.55,11.5914
Image_40,15.0,none,1053.82,0.0,0.0
Image_40,15.0,brightness,1052.2,0.15,0.065
Image_40,15.0,contrast,1052.2,0.15,0.065
Image_40,15.0,both,1052.2,0.15,0.065
Image_40,14.0,none,883.56,16.16,1.6605
Image_40,14.0,brightness,927.94,11.95,0.9953
Image_40,14.0,contrast,902.76,14.33,1.3215
Image_40,14.0,both,882.25,16.28,1.6668
Image_40,13.0,none,727.6,30.96,3.3585
Image_40,13.0,brightness,801.34,23.96,2.1608
Image_40,13.0,contrast,760.51,27.83,2.7311
Image_40,13.0,both,726.55,31.06,3.3621
Image_40,12.0,none,585.91,44.4,5.1223
Image_40,12.0,brightness,670.84,36.34,3.5361
Image_40,12.0,contrast,624.98,40.69,4.2935
Image_40,12.0,both,585.11,44.48,5.1275
Image_40,11.0,none,458.51,56.49,6.9567
Image_40,11.0,brightness,541.64,48.6,5.1571
Image_40,11.0,contrast,496.63,52.87,6.0404
Image_40,11.0,both,457.93,56.55,6.9582
Image_40,10.0,none,345.4,67.22,8.8968
Image_40,10.0,brightness,415.28,60.59,7.0751
Image_40,10.0,contrast,377.81,64.15,7.9887
Image_40,10.0,both,345.01,67.26,8.9017
Image_40,9.0,none,246.58,76.6,10.9624
Image_40,9.0,brightness,295.85,71.93,9.3863
Image_40,9.0,contrast,269.33,74.44,10.2057
Image_40,9.0,both,246.35,76.62,10.964
Image_41,15.0,none,879.25,0.0,0.0
Image_41,15.0,brightness,877.74,0.17,0.0672
Image_41,15.0,contrast,877.74,0.17,0.0672
Image_41,15.0,both,877.74,0.17,0.0672
Image_41,14.0,none,741.32,15.69,1.1774
Image_41,14.0,brightness,792.45,9.87,0.5935
Image_41,14.0,contrast,756.0,14.02,0.9529
Image_41,14.0,both,740.1,15.83,1.1909
Image_41,13.0,none,614.73,30.08,2.3732
Image_41,13.0,brightness,699.08,20.49,1.2941
Image_41,13.0,contrast,640.65,27.14,1.9413
Image_41,13.0,both,613.75,30.2,2.3849
Image_41,12.0,none,499.46,43.19,3.6046
Image_41,12.0,brightness,596.96,32.11,2.1349
Image_41,12.0,contrast,530.59,39.65,3.0289
Image_41,12.0,both,498.72,43.28,3.6154
Image_41,11.0,none,395.52,55.02,4.8725
Image_41,11.0,brightness,491.07,44.15,3.1776
Image_41,11.0,contrast,426.1,51.54,4.2383
Image_41,11.0,both,394.98,55.08,4.8726
Image_41,10.0,none,302.92,65.55,6.1866
Image_41,10.0,brightness,383.49,56.38,4.4592
Image_41,10.0,contrast,329.12,62.57,5.5687
Image_41,10.0,both,302.55,65.59,6.1931
Image_41,9.0,none,221.64,74.79,7.5303
Image_41,9.0,brightness,278.71,68.3,6.0745
Image_41,9.0,contrast,240.14,72.69,7.0401
Image_41,9.0,both,221.43,74.82,7.5342
Image_42,15.0,none,1333.13,0.0,0.0
Image_42,15.0,brightness,1331.55,0.12,0.0621
Image_42,15.0,contrast,1331.55,0.12,0.0621
Image_42,15.0,both,1331.55,0.12,0.0621
Image_42,14.0,none,1111.15,16.65,2.0318
Image_42,14.0,brightness,1148.64,13.84,1.4344
Image_42,14.0,contrast,1130.82,15.18,1.716
Image_42,14.0,both,1109.86,16.75,2.0419
Image_42,13.0,none,908.19,31.88,4.1272
Image_42,13.0,brightness,968.96,27.32,3.0315
Image_42,13.0,contrast,940.33,29.46,3.5638
Image_42,13.0,both,907.16,31.95,4.1349
Image_42,12.0,none,724.23,45.67,6.2887
Image_42,12.0,brightness,792.78,40.53,4.8569
Image_42,12.0,contrast,760.67,42.94,5.5726
Image_42,12.0,both,723.45,45.73,6.2943
Image_42,11.0,none,559.3,58.05,8.5329
Image_42,11.0,brightness,624.85,53.13,6.9676
Image_42,11.0,contrast,593.67,55.47,7.7732
Image_42,11.0,both,558.73,58.09,8.5331
Image_42,10.0,none,413.38,68.99,10.8748
Image_42,10.0,brightness,467.38,64.94,9.3914
Image_42,10.0,contrast,441.62,66.87,10.157
Image_42,10.0,both,412.99,69.02,10.8776
Image_42,9.0,none,286.47,78.51,13.339
Image_42,9.0,brightness,323.79,75.71,12.1929
Image_42,9.0,contrast,305.74,77.07,12.7697
Image_42,9.0,both,286.25,78.53,13.3423
Image_43,15.0,none,929.86,0.0,0.0
Image_43,15.0,brightness,928.15,0.18,0.0659
Image_43,15.0,contrast,928.15,0.18,0.0659
Image_43,15.0,both,928.15,0.18,0.0659
Image_43,14.0,none,782.56,15.84,1.4419
Image_43,14.0,brightness,827.83,10.97,0.8892
Image_43,14.0,contrast,797.81,14.2,1.1664
Image_43,14.0,both,781.17,15.99,1.4473
Image_43,13.0,none,647.45,30.37,2.9115
Image_43,13.0,brightness,722.22,22.33,1.8619
Image_43,13.0,contrast,673.82,27.54,2.3915
Image_43,13.0,both,646.35,30.49,2.9162
Image_43,12.0,none,524.52,43.59,4.4325
Image_43,12.0,brightness,610.7,34.32,2.9416
Image_43,12.0,contrast,555.93,40.21,3.7462
Image_43,12.0,both,523.68,43.68,4.4354
Image_43,11.0,none,413.79,55.5,6.001
Image_43,11.0,brightness,497.97,46.45,4.2158
Image_43,11.0,contrast,444.41,52.21,5.2486
Image_43,11.0,both,413.17,55.57,5.9979
Image_43,10.0,none,315.24,66.1,7.6401
Image_43,10.0,brightness,385.94,58.49,5.76
Image_43,10.0,contrast,341.21,63.31,6.9092
Image_43,10.0,both,314.82,66.14,7.6415
Image_43,9.0,none,228.87,75.39,9.3441
Image_43,9.0,brightness,278.7,70.03,7.7356
Image_43,9.0,contrast,247.05,73.43,8.7493
Image_43,9.0,both,228.63,75.41,9.3466
Image_44,15.0,none,1415.96,0.0,0.0
Image_44,15.0,brightness,1414.99,0.07,0.0434
Image_44,15.0,contrast,1414.99,0.07,0.0434
Image_44,15.0,both,1414.99,0.07,0.0434
Image_44,14.0,none,1178.64,16.76,1.8082
Image_44,14.0,brightness,1232.6,12.95,1.1816
Image_44,14.0,contrast,1207.04,14.75,1.4451
Image_44,14.0,both,1177.85,16.82,1.818
Image_44,13.0,none,961.74,32.08,3.6583
Image_44,13.0,brightness,1049.19,25.9,2.5147
Image_44,13.0,contrast,1008.73,28.76,2.9921
Image_44,13.0,both,961.11,32.12,3.6637
Image_44,12.0,none,765.25,45.96,5.567
Image_44,12.0,brightness,865.33,38.89,4.0802
Image_44,12.0,contrast,819.62,42.12,4.7071
Image_44,12.0,both,764.77,45.99,5.574
Image_44,11.0,none,589.19,58.39,7.5396
Image_44,11.0,brightness,686.36,51.53,5.8777
Image_44,11.0,contrast,641.77,54.68,6.6029
Image_44,11.0,both,588.83,58.41,7.5431
Image_44,10.0,none,433.54,69.38,9.5987
Image_44,10.0,brightness,514.95,63.63,7.9641
Image_44,10.0,contrast,477.76,66.26,8.6924
Image_44,10.0,both,433.3,69.4,9.6013
Image_44,9.0,none,298.3,78.93,11.7587
Image_44,9.0,brightness,355.49,74.89,10.3986
Image_44,9.0,contrast,329.21,76.75,11.0147
Image_44,9.0,both,298.16,78.94,11.7605
Image_45,15.0,none,1000.08,0.0,0.0
Image_45,15.0,brightness,998.23,0.18,0.0742
Image_45,15.0,contrast,998.23,0.18,0.0742
Image_45,15.0,both,998.23,0.18,0.0742
Image_45,14.0,none,839.78,16.03,1.4406
Image_45,14.0,brightness,881.21,11.89,0.8672
Image_45,14.0,contrast,857.15,14.29,1.1545
Image_45,14.0,both,838.27,16.18,1.4511
Image_45,13.0,none,692.85,30.72,2.9188
Image_45,13.0,brightness,761.66,23.84,1.8226
Image_45,13.0,contrast,723.06,27.7,2.3834
Image_45,13.0,both,691.66,30.84,2.9272
Image_45,12.0,none,559.3,44.07,4.4456
Image_45,12.0,brightness,638.53,36.15,2.9512
Image_45,12.0,contrast,594.93,40.51,3.7441
Image_45,12.0,both,558.39,44.17,4.4514
Image_45,11.0,none,439.13,56.09,6.0209
Image_45,11.0,brightness,516.04,48.4,4.3123
Image_45,11.0,contrast,473.62,52.64,5.2576
Image_45,11.0,both,438.46,56.16,6.0205
Image_45,10.0,none,332.33,66.77,7.6471
Image_45,10.0,brightness,396.15,60.39,5.9847
Image_45,10.0,contrast,361.15,63.89,6.9261
Image_45,10.0,both,331.88,66.82,7.6503
Image_45,9.0,none,238.9,76.11,9.2865
Image_45,9.0,brightness,283.18,71.68,8.0279
Image_45,9.0,contrast,258.68,74.13,8.7358
Image_45,9.0,both,238.64,76.14,9.291
Image_46,15.0,none,1504.69,0.0,0.0
Image_46,15.0,brightness,1503.3,0.09,0.0544
Image_46,15.0,contrast,1503.3,0.09,0.0544
Image_46,15.0,both,1503.3,0.09,0.0544
Image_46,14.0,none,1250.94,16.86,2.0553
Image_46,14.0,brightness,1295.34,13.91,1.4798
Image_46,14.0,contrast,1277.48,15.1,1.6827
Image_46,14.0,both,1249.81,16.94,2.0656
Image_46,13.0,none,1019.11,32.27,4.1683
Image_46,13.0,brightness,1089.57,27.59,3.1405
Image_46,13.0,contrast,1061.35,29.46,3.5139
Image_46,13.0,both,1018.21,32.33,4.1752
Image_46,12.0,none,809.19,46.22,6.3484
Image_46,12.0,brightness,887.3,41.03,5.0392
Image_46,12.0,contrast,855.91,43.12,5.5341
Image_46,12.0,both,808.51,46.27,6.3533
Image_46,11.0,none,621.2,58.72,8.613
Image_46,11.0,brightness,694.42,53.85,7.2015
Image_46,11.0,contrast,664.27,55.85,7.7613
Image_46,11.0,both,620.7,58.75,8.614
Image_46,10.0,none,455.13,69.75,10.9888
Image_46,10.0,brightness,514.34,65.82,9.6526
Image_46,10.0,contrast,489.7,67.45,10.1929
Image_46,10.0,both,454.79,69.78,10.9917
Image_46,9.0,none,310.98,79.33,13.5187
Image_46,9.0,brightness,351.18,76.66,12.4532
Image_46,9.0,contrast,334.08,77.8,12.8807
Image_46,9.0,both,310.78,79.35,13.5212
Image_47,15.0,none,1165.16,0.0,0.0
Image_47,15.0,brightness,1163.57,0.14,0.0658
Image_47,15.0,contrast,1163.57,0.14,0.0658
Image_47,15.0,both,1163.57,0.14,0.0658
Image_47,14.0,none,974.29,16.38,1.693
Image_47,14.0,brightness,1019.18,12.53,1.0386
Image_47,14.0,contrast,994.32,14.66,1.375
Image_47,14.0,both,972.99,16.49,1.7018
Image_47,13.0,none,799.58,31.38,3.4279
Image_47,13.0,brightness,873.04,25.07,2.2291
Image_47,13.0,contrast,832.85,28.52,2.849
Image_47,13.0,both,798.55,31.46,3.4339
Image_47,12.0,none,641.05,44.98,5.2236
Image_47,12.0,brightness,725.41,37.74,3.6331
Image_47,12.0,contrast,679.91,41.65,4.4656
Image_47,12.0,both,640.26,45.05,5.2304
Image_47,11.0,none,498.69,57.2,7.0849
Image_47,11.0,brightness,580.98,50.14,5.2872
Image_47,11.0,contrast,536.45,53.96,6.2529
Image_47,11.0,both,498.11,57.25,7.0854
Image_47,10.0,none,372.5,68.03,9.0452
Image_47,10.0,brightness,441.62,62.1,7.2545
Image_47,10.0,contrast,404.47,65.29,8.2309
Image_47,10.0,both,372.11,68.06,9.0484
Image_47,9.0,none,262.48,77.47,11.0835
Image_47,9.0,brightness,311.21,73.29,9.6097
Image_47,9.0,contrast,284.9,75.55,10.4278
Image_47,9.0,both,262.25,77.49,11.0872
Image_48,15.0,none,1251.44,0.0,0.0
Image_48,15.0,brightness,1249.86,0.13,0.0646
Image_48,15.0,contrast,1249.86,0.13,0.0646
Image_48,15.0,both,1249.86,0.13,0.0646
Image_48,14.0,none,1044.59,16.53,1.8169
Image_48,14.0,brightness,1088.87,12.99,1.2006
Image_48,14.0,contrast,1067.13,14.73,1.4658
Image_48,14.0,both,1043.3,16.63,1.8247
Image_48,13.0,none,855.37,31.65,3.6817
Image_48,13.0,brightness,927.61,25.88,2.5419
Image_48,13.0,contrast,892.79,28.66,3.0417
Image_48,13.0,both,854.35,31.73,3.6872
Image_48,12.0,none,683.78,45.36,5.6044
Image_48,12.0,brightness,765.74,38.81,4.0845
Image_48,12.0,contrast,726.65,41.94,4.7858
Image_48,12.0,both,683.0,45.42,5.6087
Image_48,11.0,none,529.82,57.66,7.5924
Image_48,11.0,brightness,608.63,51.37,5.8684
Image_48,11.0,contrast,570.63,54.4,6.7084
Image_48,11.0,both,529.25,57.71,7.5924
Image_48,10.0,none,393.5,68.56,9.6769
Image_48,10.0,brightness,458.66,63.35,7.9656
Image_48,10.0,contrast,427.25,65.86,8.8302
Image_48,10.0,both,393.11,68.59,9.6812
Image_48,9.0,none,274.8,78.04,11.903
Image_48,9.0,brightness,320.01,74.43,10.4873
Image_48,9.0,contrast,297.95,76.19,11.1977
Image_48,9.0,both,274.58,78.06,11.9043
Image_49,15.0,none,1017.16,0.0,0.0
Image_49,15.0,brightness,1014.96,0.22,0.0913
Image_49,15.0,contrast,1014.96,0.22,0.0913
Image_49,15.0,both,1014.96,0.22,0.0913
Image_49,14.0,none,853.7,16.07,1.5898
Image_49,14.0,brightness,893.5,12.16,0.9274
Image_49,14.0,contrast,872.46,14.23,1.2566
Image_49,14.0,both,851.9,16.25,1.5925
Image_49,13.0,none,703.9,30.8,3.2182
Image_49,13.0,brightness,770.09,24.29,1.9864
Image_49,13.0,contrast,735.97,27.65,2.6089
Image_49,13.0,both,702.47,30.94,3.2155
Image_49,12.0,none,567.76,44.18,4.8961
Image_49,12.0,brightness,644.11,36.68,3.3149
Image_49,12.0,contrast,605.56,40.47,4.0984
Image_49,12.0,both,566.67,44.29,4.8976
Image_49,11.0,none,445.29,56.22,6.6407
Image_49,11.0,brightness,520.07,48.87,4.8685
Image_49,11.0,contrast,482.29,52.58,5.7548
Image_49,11.0,both,444.49,56.3,6.6389
Image_49,10.0,none,336.48,66.92,8.4676
Image_49,10.0,brightness,399.46,60.73,6.7373
Image_49,10.0,contrast,367.94,63.83,7.5995
Image_49,10.0,both,335.95,66.97,8.4673
Image_49,9.0,none,241.34,76.27,10.4163
Image_49,9.0,brightness,285.83,71.9,8.9619
Image_49,9.0,contrast,263.49,74.1,9.6884
Image_49,9.0,both,241.03,76.3,10.4157
